{
"name":"FV01.json",
"vertices":[
2.880699, 
1.367581, 
-0.825834, 
2.926769, 
0.03913706, 
-0.7935997, 
0, 
-0.3564758, 
-0.1637065, 
0, 
0.9918799, 
-0.1031245, 
1.024687, 
1.531453, 
0.1339693, 
0.8493739, 
-0.5716437, 
0.2341056, 
0, 
-1.251596, 
-0.02685528, 
0.3980484, 
2.653923, 
0.02313351, 
0, 
2.586268, 
0.191286, 
0, 
-4.542855, 
1.004884, 
0, 
0.2921009, 
1.408118, 
0, 
4.155836, 
1.059308, 
0, 
5.670267, 
0.3200107, 
1.580966, 
0.9905197, 
-0.4356234, 
0.7070425, 
0.9152954, 
-0.21501, 
1.090755, 
0.9435118, 
-0.01582795, 
0.2687325, 
5.6201, 
-0.4548723, 
0.6558712, 
2.742437, 
-0.1331653, 
0.3761706, 
5.509196, 
-0.2005147, 
0, 
5.907954, 
0.03698766, 
0.5472999, 
1.142979, 
0.1581903, 
0.2000765, 
5.75454, 
-0.1414595, 
0.3045517, 
5.476785, 
0.1316276, 
0.4989355, 
2.961878, 
0.4657054],

"normals":[
-0.2158564, 
0.04382681, 
-0.975441, 
0.4420225, 
0.005861997, 
0.8969848, 
-0.2246275, 
0.216807, 
-0.9500197, 
0.4701061, 
-0.2640112, 
-0.8421986, 
0.01117652, 
-0.8693479, 
-0.4940744, 
0.3909026, 
-0.1391047, 
-0.9098599, 
0.7962703, 
-0.037629, 
0.6037695, 
-0.08168828, 
0.9965263, 
0.01619857, 
-0.4400292, 
0.1749594, 
-0.8807743, 
0.1863189, 
0.428429, 
0.8841571, 
-0.6624405, 
-0.5736528, 
-0.4817624, 
0.9399805, 
0.3151434, 
0.1308481, 
-0.3691755, 
-0.1188566, 
-0.921728, 
0.7910087, 
-0.05084788, 
0.6096883, 
0.6407401, 
0.3368056, 
0.6899379, 
0.9701645, 
0.1034149, 
0.2192855, 
-0.4990222, 
-0.07147067, 
-0.863637, 
0.6796403, 
0.03403782, 
0.7327555, 
0.8137491, 
0.05225855, 
0.5788621, 
0.721626, 
0.1065973, 
0.6840271, 
0.8722094, 
0.1300525, 
0.4715263, 
0.9707804, 
0.1037765, 
0.2163693, 
-0.8161887, 
-0.5309803, 
-0.2278068, 
0.4616344, 
0.03751474, 
0.8862768, 
-0.2393059, 
-0.0318461, 
-0.9704218, 
-0.3493725, 
0.8845943, 
-0.3089208, 
-0.8007029, 
-0.5937889, 
0.07930713, 
-0.9803138, 
-0.07234454, 
-0.1837145, 
0.3867561, 
0.167454, 
-0.9068511, 
0.1972407, 
0.2894309, 
0.9366567, 
-0.4110394, 
-0.3139782, 
-0.8558413, 
-0.7394372, 
-0.5924685, 
-0.319709, 
0.01080703, 
0.855672, 
-0.5174058, 
0.02028262, 
-0.08702462, 
-0.9959997, 
0.173484, 
0.8719988, 
-0.4577352, 
0.9171096, 
-0.02413994, 
-0.3979037, 
0.3775333, 
0.07310724, 
0.9231056],

"colors":[
0.2158564, 
0.04382681, 
0.975441, 
0.4420225, 
0.005861997, 
0.8969848, 
0.2246275, 
0.216807, 
0.9500197, 
0.4701061, 
0.2640112, 
0.8421986, 
0.01117652, 
0.8693479, 
0.4940744, 
0.3909026, 
0.1391047, 
0.9098599, 
0.7962703, 
0.037629, 
0.6037695, 
0.08168828, 
0.9965263, 
0.01619857, 
0.4400292, 
0.1749594, 
0.8807743, 
0.1863189, 
0.428429, 
0.8841571, 
0.6624405, 
0.5736528, 
0.4817624, 
0.9399805, 
0.3151434, 
0.1308481, 
0.3691755, 
0.1188566, 
0.921728, 
0.7910087, 
0.05084788, 
0.6096883, 
0.6407401, 
0.3368056, 
0.6899379, 
0.9701645, 
0.1034149, 
0.2192855, 
0.4990222, 
0.07147067, 
0.863637, 
0.6796403, 
0.03403782, 
0.7327555, 
0.8137491, 
0.05225855, 
0.5788621, 
0.721626, 
0.1065973, 
0.6840271, 
0.8722094, 
0.1300525, 
0.4715263, 
0.9707804, 
0.1037765, 
0.2163693, 
0.8161887, 
0.5309803, 
0.2278068, 
0.4616344, 
0.03751474, 
0.8862768, 
0.2393059, 
0.0318461, 
0.9704218, 
0.3493725, 
0.8845943, 
0.3089208, 
0.8007029, 
0.5937889, 
0.07930713, 
0.9803138, 
0.07234454, 
0.1837145, 
0.3867561, 
0.167454, 
0.9068511, 
0.1972407, 
0.2894309, 
0.9366567, 
0.4110394, 
0.3139782, 
0.8558413, 
0.7394372, 
0.5924685, 
0.319709, 
0.01080703, 
0.855672, 
0.5174058, 
0.02028262, 
0.08702462, 
0.9959997, 
0.173484, 
0.8719988, 
0.4577352, 
0.9171096, 
0.02413994, 
0.3979037, 
0.3775333, 
0.07310724, 
0.9231056],

"triangles":[[0,1,2,3,4,5,6,7,8,9,10,11,12,13,14,15]]}